id,identifiant           ,motDePasse,nomDeNaissance,nomDUsage,prenoms                   ,genre ,email                        ,telephone ,dateDeNaissance,codePostalLieuDeNaissance,codePaysDeNaissance,adressePays,adresseVille,adresseCodePostal,adresseVoie
1,testfc1               ,123,DUPONT        ,DUPONT   ,Stéphane Louis Perceval   ,male  ,testfc1@franceconnect.gouv.fr,123456789,1962-08-24     ,75112,99100,France     ,Marseille   ,13016,97 Boulevard François Robert
2,1234567891011,123,MERCIER       ,MERCIER  ,Éric Julien               ,male  ,mercier_eric@mail.com        ,123456789,1969-03-17     ,95277,99100,France     ,Marseille   ,13016,97 Boulevard François Robert
3,3_melaine             ,123,TROIS         ,TROIS    ,Mélaine Évelyne           ,female,trois_melaine@mail.com       ,123456789,1981-07-27     ,95277,99100,France     ,Marseille   ,13016,97 Boulevard François Robert
4,tatiana_no_family_name,123,              ,         ,Tatiana Tony              ,male  ,cinq_tatiana@mail.com        ,123456789,1945-09-30     ,95277,99100,France     ,Marseille   ,13016,97 Boulevard François Robert
8,cerema                ,123,HOCHON        ,         ,Paul                      ,male  ,paul.hochon@cerema.fr        ,123456789,1955-01-01     ,69674,99100,France     ,BRON        ,69000,25 Avenue Mitterrand
15,E010001               ,123,Martin        ,Martin   ,Jean_E010001              ,male  ,jean_E010001.martin@france.fr,123456789,1981-02-03     ,75112,99100,France     ,Marseille   ,13016,97 Boulevard François Robert
16,E010002               ,123,Martin        ,Martin   ,Jean_E010002              ,male  ,jean_E010002.martin@france.fr,123456789,1981-02-03     ,75112,99100,France     ,Marseille   ,13016,97 Boulevard François Robert
17,E010003               ,123,Martin        ,Martin   ,Jean_E010003              ,male  ,jean_E010003.martin@france.fr,123456789,1981-02-03     ,75112,99100,France     ,Marseille   ,13016,97 Boulevard François Robert
18,E010004               ,123,Martin        ,Martin   ,Jean_E010004              ,male  ,jean_E010004.martin@france.fr,123456789,1981-02-03     ,75112,99100,France     ,Marseille   ,13016,97 Boulevard François Robert
19,E010005               ,123,Martin        ,Martin   ,Jean_E010005              ,male  ,jean_E010005.martin@france.fr,123456789,1981-02-03     ,75112,99100,France     ,Marseille   ,13016,97 Boulevard François Robert
20,E010006               ,123,Martin        ,Martin   ,Jean_E010006              ,male  ,jean_E010006.martin@france.fr,123456789,1981-02-03     ,75112,99100,France     ,Marseille   ,13016,97 Boulevard François Robert
21,E010007               ,123,Martin        ,Martin   ,Jean_E010007              ,male  ,jean_E010007.martin@france.fr,123456789,1981-02-03     ,75112,99100,France     ,Marseille   ,13016,97 Boulevard François Robert
22,E010008               ,123,Martin        ,Martin   ,Jean_E010008              ,male  ,jean_E010008.martin@france.fr,123456789,1981-02-03     ,75112,99100,France     ,Marseille   ,13016,97 Boulevard François Robert
23,E010009               ,123,Martin        ,Martin   ,Jean_E010009              ,male  ,jean_E010009.martin@france.fr,123456789,1981-02-03     ,75112,99100,France     ,Marseille   ,13016,97 Boulevard François Robert
24,E010010               ,123,Martin        ,Martin   ,Jean_E010010              ,male  ,jean_E010010.martin@france.fr,123456789,1981-02-03     ,75112,99100,France     ,Marseille   ,13016,97 Boulevard François Robert
25,E010011               ,123,Martin        ,Martin   ,Jean_E010011              ,male  ,jean_E010011.martin@france.fr,123456789,1981-02-03     ,75112,99100,France     ,Marseille   ,13016,97 Boulevard François Robert
26,E010012               ,123,Martin        ,Martin   ,Jean_E010012              ,male  ,jean_E010012.martin@france.fr,123456789,1981-02-03     ,75112,99100,France     ,Marseille   ,13016,97 Boulevard François Robert
27,E010013               ,123,Martin        ,Martin   ,Jean_E010013              ,male  ,jean_E010013.martin@france.fr,123456789,1981-02-03     ,75112,99100,France     ,Marseille   ,13016,97 Boulevard François Robert
28,E010014               ,123,Martin        ,Martin   ,Jean_E010014              ,male  ,jean_E010014.martin@france.fr,123456789,1981-02-03     ,75112,99100,France     ,Marseille   ,13016,97 Boulevard François Robert
29,E010015               ,123,Martin        ,Martin   ,Jean_E010015              ,male  ,jean_E010015.martin@france.fr,123456789,1981-02-03     ,75112,99100,France     ,Marseille   ,13016,97 Boulevard François Robert
30,E010016               ,123,Martin        ,Martin   ,Jean_E010016              ,male  ,jean_E010016.martin@france.fr,123456789,1981-02-03     ,75112,99100,France     ,Marseille   ,13016,97 Boulevard François Robert
31,E010017               ,123,Martin        ,Martin   ,Jean_E010017              ,male  ,jean_E010017.martin@france.fr,123456789,1981-02-03     ,75112,99100,France     ,Marseille   ,13016,97 Boulevard François Robert
32,E020001               ,123,Martin        ,Martin   ,Jean_E020001              ,male  ,jean_E020001.martin@france.fr,123456789,1981-02-03     ,75112,99100,France     ,Marseille   ,13016,97 Boulevard François Robert
33,E020002               ,123,Martin        ,Martin   ,Jean_E020002              ,      ,jean_E020001.martin@france.fr,123456789,               ,75112,99100,           ,Marseille   ,13016,97 Boulevard François Robert
34,E020003               ,123,Martin        ,Martin   ,Jean_E020003              ,male  ,jean_E020001.martin@france.fr,123456789,1981-02-03     ,75112,99100,France     ,Marseille   ,13016,97 Boulevard François Robert
35,E020004               ,123,Martin        ,Martin   ,Jean_E020004              ,male  ,                             ,123456789,1981-02-03     ,75112,99100,France     ,Marseille   ,13016,97 Boulevard François Robert
36,E020005               ,123,Martin        ,Martin   ,Jean_E020005              ,male  ,jean_E020001.martin@france.fr,123456789,1981-02-03     ,75112,99100,France     ,Marseille   ,13016,97 Boulevard François Robert
37,E020006               ,123,Martin        ,Martin   ,Jean_E020006              ,male  ,jean_E020001.martin@france.fr,123456789,1981-02-03     ,75112,99100,France     ,Marseille   ,13016,97 Boulevard François Robert
38,E020007               ,123,Martin        ,Martin   ,Jean_E020007              ,male  ,jean_E020001.martin@france.fr,123456789,1981-02-03     ,75112,99100,France     ,Marseille   ,13016,97 Boulevard François Robert
39,E020008               ,123,Martin        ,Martin   ,Jean_E020008              ,male  ,jean_E020001.martin@france.fr,123456789,1981-02-03     ,75112,99100,France     ,Marseille   ,13016,97 Boulevard François Robert
40,E020009               ,123,Martin        ,Martin   ,Jean_E020009              ,male  ,jean_E020001.martin@france.fr,123456789,1981-02-03     ,75112,99100,France     ,Marseille   ,13016,97 Boulevard François Robert
41,E020010               ,123,Martin        ,Martin   ,Jean_E020010              ,male  ,jean_E020001.martin@france.fr,123456789,1981-02-03     ,75112,99100,France     ,Marseille   ,13016,97 Boulevard François Robert
42,E020011               ,123,Martin        ,Martin   ,Jean_E020011              ,male  ,jean_E020001.martin@france.fr,123456789,1981-02-03     ,75112,99100,France     ,Marseille   ,13016,97 Boulevard François Robert
43,E020012               ,123,Martin        ,Martin   ,Jean_E020012              ,male  ,jean_E020001.martin@france.fr,123456789,1981-02-03     ,75112,99100,France     ,Marseille   ,13016,97 Boulevard François Robert
44,E020013               ,123,Martin        ,Martin   ,Jean_E020013              ,male  ,jean_E020001.martin@france.fr,123456789,1981-02-03     ,75112,99100,France     ,Marseille   ,13016,97 Boulevard François Robert
45,E020014               ,123,Martin        ,Martin   ,Jean_E020014              ,male  ,jean_E020001.martin@france.fr,123456789,1981-02-03     ,75112,99100,France     ,Marseille   ,13016,97 Boulevard François Robert
46,E020015               ,123,Martin        ,Martin   ,Jean_E020015              ,male  ,jean_E020001.martin@france.fr,123456789,1981-02-03     ,75112,99100,France     ,Marseille   ,13016,97 Boulevard François Robert
47,E020016               ,123,Martin        ,Martin   ,Jean_E020016              ,male  ,jean_E020001.martin@france.fr,123456789,1981-02-03     ,75112,99100,France     ,Marseille   ,13016,97 Boulevard François Robert
48,E020017               ,123,Martin        ,Martin   ,Jean_E020017              ,male  ,jean_E020001.martin@france.fr,123456789,1981-02-03     ,75112,99100,France     ,Marseille   ,13016,97 Boulevard François Robert
49,E020018               ,123,Martin        ,Martin   ,Jean_E020018              ,male  ,jean_E020001.martin@france.fr,123456789,1981-02-03     ,75112,99100,France     ,Marseille   ,13016,97 Boulevard François Robert
50,E020019               ,123,Martin        ,Martin   ,Jean_E020019              ,male  ,jean_E020001.martin@france.fr,123456789,1981-02-03     ,75112,99100,France     ,Marseille   ,13016,97 Boulevard François Robert
51,E020020               ,123,Martin        ,Martin   ,Jean_E020020              ,male  ,jean_E020001.martin@france.fr,123456789,1981-02-03     ,75112,99100,France     ,Marseille   ,13016,97 Boulevard François Robert
52,E020021               ,123,Martin        ,Martin   ,Jean_E020021              ,male  ,jean_E020001.martin@france.fr,123456789,1981-02-03     ,75112,99100,France     ,Marseille   ,13016,97 Boulevard François Robert
53,E020022               ,123,Martin        ,Martin   ,Jean_E020022              ,male  ,jean_E020001.martin@france.fr,123456789,1981-02-03     ,75112,99100,France     ,Marseille   ,13016,97 Boulevard François Robert
54,E020023               ,123,Martin        ,Martin   ,Jean_E020023              ,male  ,jean_E020001.martin@france.fr,123456789,1981-02-03     ,75112,99100,France     ,Marseille   ,13016,97 Boulevard François Robert
1,Min01,azerty,Assure--essai,Assure--essai,"Paolo, Luigi, Francesco, Gianluca",Male,az@mail.com,612345678,1985-12-02,37000,99100,France,Mornant,69440,11 bis Rue Henri-IV
2,Min02,azerty,Bellaventura--essai,Bellaventura--essai,"Cassandra, Monica, Elena",Female,az@mail.com,612345678,1999-08-02,9310,99100,France,Chasselay,69380,"7, le Promenoir"
3,Min03,azerty,Bellaventura--essai,Bellaventura--essai,"Alessandra, Carla, Giulia",Female,az@mail.com,612345678,1968-03-02,54000,99100,France,Chasselay,69380,"7, le Promenoir du long chemin"
4,Min04,azerty,Bellaventura--essai,Bellaventura--essai,"Federico, Alessandro, Pier-paolo",Male,az@mail.com,612345678,1999-06-03,57000,99100,France,Châtillon,69380,"7, le Promenoir de la très longue adresse"
5,Min05,azerty,Bellaventura--essai,Bellaventura--essai,"Jean-Frédéric, Pierre-Alain, Amalrïck",Male,az@mail.com,612345678,2000-09-28,8201,99415,France,Neuilly sur Lierre,92200,478 chemin dés Accènts coùpliqués et des ï quî ont ça
6,Min06,azerty,LALI ESSAI,LALI ESSAI,Corne,Female,az@mail.com,612345678,1981-12-08,39110,99100,France,Andelot-Morval,39320,"115, route de Saint-Amour"
7,Min07,azerty,de-trois-quatre essai,de-trois-quatre essai,"Esteban, François, Henri",Male,az@mail.com,612345678,2001-12-12,82230,99100,France,La Salvetat-Belmontet,82230,"32, Boulevard de l'eau pétillante"
8,Min08,azerty,DE LA FAVE ESSAI,DE LA FAVE ESSAI,"MAURICE, BERTRAND, CHARLES",Male,az@mail.com,612345678,1945-01-19,19100,99100,France,Layrac,47390,"18, place Jean-Jaurès"
9,Min09,azerty,Essai,Bellaventura--essai,"Mélina, Léna",Female,az@mail.com,612345678,1964-11-18,39260,99100,France,Andelot-Morval,39320,"115, route de Saint-Amour"
10,Min10,azerty,Essai,Essai,Nahïl,Male,az@mail.com,612345678,1965-01-19,69006,99100,France,Andelot-Morval,39320,"117, route de Saint-Amour au bout de la route"
11,Min11,azerty,BEN ASSARDI ESSAI,BEN ASSARDI ESSAI,"Yasser, Ilian, BADR",Male,az@mail.com,612345678,2000-01-12,78130,99100,France,Acquigny,27400,"14, rue Aristide-Briand"
12,Min12,azerty,Benassar Essai,Benassar Essai,"Ilîas, Abdallah, Ylan ",Male,az@mail.com,612345678,1968-05-15,33000,99100,France,Arnas,69400,"2, square du Souvenir"
13,Min13,azerty,de carambar de chamallow de mondelise essai,de carambar de chamallow de mondelise essai,"Anne-Françoise, Caroline, Jacqueline, Anastasia",Female,az@mail.com,612345678,1982-02-28,42000,99100,France,La Salvetat-Belmontet,82230,"32, Boulevard de l'eau pétillante"
14,Min14,azerty,Essai,Essai,"Ali, Iliess, Djibril",Male,az@mail.com,612345678,2005-07-08,39240,99100,France,Andelot-Morval,39320,"135, route de Saint-AJour"
15,Min15,azerty,Essai,Essai,"Noham, Logan",Male,az@mail.com,612345678,1967-12-06,39210,99100,France,Andelot-Morval,39320,"175, rue de la reconnaissance de caractères"
16,Min16,azerty,Essai,Essai,"Louka, Maël",Male,az@mail.com,612345678,1981-12-08,39110,99100,France,Andelot-Morval,39320,"115, route de Saint-Amour"
17,Min17,azerty,Essai,Essai,"William, Haroun, Rabii",Male,az@mail.com,612345678,2000-01-20,39350,99100,France,Andelot-Morval,39320,"115, route de Saint-Amour"
18,Min18,azerty,Essai,Essai,"Younès, Abdelmajid, Abdessalam",Male,az@mail.com,612345678,2008-05-24,39800,99100,France,Andelot-Morval,39320,"78, rue de la république"
19,Min19,azerty,Essai,Essai,"An, Ramiz",Male,az@mail.com,612345678,2006-04-13,39290,99100,France,Andelot-Morval,39320,"12, Avenue de la Montagne magique"
20,Min20,azerty,Essai,Essai,"Anaïs, Mïya, Yüna, Bao",Female,az@mail.com,612345678,1938-05-21,16000,99352,France,Andelot-blancheville,39320,"15, rue Pierre Paul-Jaques"
21,Min21,azerty,Essai  Spécimen,Essai  Spécimen,"Anaïs, Evelina, Eve",Female,az@mail.com,612345678,2012-02-06,93120,99100,France,Saint-Orens-de-Gameville,31650,"46, avenue Gameville"
22,Min22,azerty,Essai Spécimen,Essai Spécimen,"Charlotte, Inaya, Margaux",Female,az@mail.com,612345678,1992-02-06,29200,99100,France,La Besseyre-Saint-Mary,43170,228 ter Rue de Charlemagne
23,Min23,azerty,Essai Spécimen,Essai Spécimen,"Jean-François, Abriel, Aedan, Aelig",Male,az@mail.com,612345678,1982-06-08,59300,99100,France,Val D'anast,35330,11 rue de Lohéac Maure de Bretagne
24,Min24,azerty,Essai Spécimen,Essai Spécimen,"Chems-Eddine, Noureddine, Redouane",Male,az@mail.com,612345678,2017-11-22,10000,99100,France,Saint-Orens-Pouy-Petit,31650,"46, avenue Gameville"
25,Min25,azerty,Essai Spécimen,Essai Spécimen,"Ouassila, Noura",Female,az@mail.com,612345678,2018-12-08,64000,99100,France,Saint-Orens-de-Gameville,31650,"146, avenue Gameville"
26,Min26,azerty,Essai Spécimen,Essai Spécimen,"Radhia, Zoulikha",Female,az@mail.com,612345678,2015-02-04,38520,99100,France,Saint-Martin-de-l'If,31650,"46, avenue Gameville"
27,Min27,azerty,Essai -Spécimen,Essai -Spécimen,"Zakaria, Yanice, Anissa",Female,az@mail.com,612345678,2014-11-09,60240,99100,France,Saint-Orens-de-Gameville,31650,"6, avenue Gameville"
28,Min28,azerty,Forêtessai,Jardinessai,"Elizabeth, Victoria, Anne",Female,az@mail.com,612345678,1975-03-27,27140,99100,France,Paris,75008,122 Avenue des Champs Elysées 
29,Min29,azerty,Forêtessai,Forêtessai,"Adrien, Louis, Jean-François",Male,az@mail.com,612345678,2005-02-21,75012,99100,France,Paris,75008,122 Avenue des Champs Elysées 
30,Min30,azerty,FÜRSTENBERGER ESSAI,FÜRSTENBERGER ESSAI,"ingrid, angela, Anja",Female,az@mail.com,612345678,1988-11-15,80100,99100,France,Daubeuf-la-Campagne,27110,"28, rue Grande"
31,Min31,azerty,GRATTON ESSAI,GRATTON ESSAI,HELENE,Female,az@mail.com,612345678,1992-06-04,1200,99140,France,Le Vivier,66730,"10, rue Principale"
32,Min32,azerty,GRATTON ESSAI,GRATTON ESSAI,LOUIS,Male,az@mail.com,612345678,2004-06-08,29200,99100,France,Le Vivier,66730,"10, rue Principale"
33,Min33,azerty,GRATTON ESSAI,GRATTON ESSAI,"LOUIS, PIERRE, JEAN, PAUL",Male,az@mail.com,612345678,2002-07-08,33000,99100,France,Le Vivier,66730,"10, rue Principale"
34,Min34,azerty,HORTI ESSAI,HORTI ESSAI,"Hortense, Marie-Caroline",Female,az@mail.com,612345678,1988-05-21,93240,99100,France,Saint-albans-des-hurtières,31650,"46, avenue Gameville"
35,Min35,azerty,JAGUAR ESSAI,Essai  Spécimen,Dominique   ,Indeterminate,az@mail.com,612345678,1956-11-19,93400,99100,France,Saint-Julien-des-Chazes,43330,"110, Rue des marroniers"
36,Min36,azerty,Jardinessai,Jardinessai,"David, Jean-Michel, Alphonse",Male,az@mail.com,612345678,1950-01-27,78100,99100,France,Paris,75008,122 Avenue des Champs Elysées 
37,Min37,azerty,Jardinessai,Jardinessai,"François, Jean-Pierre, Edouard",Male,az@mail.com,612345678,2001-01-27,1,99328,France,Paris,75008,186 Boulevard Malesherbes
38,Min38,azerty,Jessai,Jessai,"Fabrice, Peter, Alessandro",Male,az@mail.com,612345678,1976-06-08,34500,99100,France,Ville-devant-belrain,54710,"18, rue du Château"
39,Min39,azerty,Jessai,Jessai,"Nawel, Alba, Asmahane",Female,az@mail.com,612345678,1984-11-28,64000,99100,France,Ville-devant-belrain,54710,"18, rue du Château"
40,Min40,azerty,Jessai,Mïnutie Essai,"Angelina, Tiana",Female,az@mail.com,612345678,1985-02-03,11000,99100,France,Saint-Acheul,54710,181 bis rue du Château fort
41,Min41,azerty,Jessai,Jessai,"Hadrien, Matthias",Male,az@mail.com,612345678,2000-06-05,31000,99100,France,Ville-devant-Nancy,54710,"18, rue du Château"
42,Min42,azerty,Jessai,Jessai,"Zakaria, Aydan, Tylio",Male,az@mail.com,612345678,2012-02-04,26000,99100,France,Ville-devant-Nancy,54710,48 rue du Château
43,Min43,azerty,Jessai,Jessai,"Yasser, Ilian, Arslane, hubert",Male,az@mail.com,612345678,2004-09-05,101000,99123,France,Chalmaison,77650,35 chemin des pâquerettes
44,Min44,azerty,Jessai,Jessai,"Denis, Paul-Henri, Frédéric",Male,az@mail.com,612345678,2008-03-21,12500,99341,France,Ville-devant-Nancy,54710,"10, rue des roses"
45,Min45,azerty,JOUTTE ESSAI,JOUTTE ESSAI,Aelig,Indeterminate,az@mail.com,612345678,1999-08-02,35000,99100,France,Villers-Saint-Sépulcre,60134,"28, rue de la Place"
46,Min46,azerty,JYURNT ESSAI,JYURNT ESSAI,"Vladimir, Oleg, Dimitri",Male,az@mail.com,612345678,1995-03-02,94300,99100,France,Goyrans,31120,"185, chemin des Crêtes"
47,Min47,azerty,KANAL ESSAI,KANAL ESSAI,"Salim, Ines",Male,az@mail.com,612345678,1968-12-11,92120,99100,France,Palaminy,31220,"4, rue de Savoie"
48,Min48,azerty,La Belle Maison Essai,La Belle Maison Essai,"Thomas, Jacques, Paul",Male,az@mail.com,612345678,1986-09-08,37000,99100,France,Orléans,45000,"2, allée du grand chemin"
49,Min49,azerty,Le pont du GARD ESSAI,Le pont du GARD ESSAI,"Antoine, Valentin",Male,az@mail.com,612345678,2002-10-08,39300,99100,France,Brainans,39800,26 rue des Ecoles
50,Min50,azerty,LEOPARDI ESSAI,LEOPARDI ESSAI,"PIERRE-JEAN, ALAIN, JEAN-EMMANUEL",Male,az@mail.com,612345678,1992-06-04,78590,99100,France,Chalmaison,77650,"29, rue Henri-Brugeail"
51,Min51,azerty,Levoilier-essai,Levoilier-essai,"Tess, Alia, Joy, Jennah",Female,az@mail.com,612345678,1995-03-02,28000,99100,France,Aumont,39800,"1, route de Genève"
52,Min52,azerty,Liilleroubaixessai,Liilleroubaixessai,"Kilian, Robin",Male,az@mail.com,612345678,2016-04-14,39570,99100,France,Barcelonette,4400,18 avenue Antoine signoret
53,Min53,azerty,LOIPRITYL ESSAY,LOIPRITYL ESSAY,"VINCENT, ROBERT, TRANXIL",Male,az@mail.com,612345678,2006-04-13,63000,99100,France,Château Arnoux St Auban ,4160,200 RUE DES CIGALONS
54,Min54,azerty,Lyod de la MER Essai,Specimen,"Timéo, Théo, Ismaël",Male,az@mail.com,612345678,1978-02-18,39800,99100,France,Germigney,39380,4 Rue du Val d'Amour
55,Min55,azerty,Mïnutie Essai,Mïnutie Essai,"Alfred, Albert, Denis",Male,az@mail.com,612345678,1988-11-15,1600,99100,France,Digne-les-Bains,4070,294 rue du casteu
56,Min56,azerty,Mïnutie Essai,Mïnutie Essai,"Véronique, Sophie, Annabelle",Female,az@mail.com,612345678,2000-01-12,1260,99100,France,Haussonville,54290,"18, Grande rue"
57,Min57,azerty,Mïnutie Essai,Mïnutie Essai,"Raphaël, Louis, Martin",Male,az@mail.com,612345678,1999-08-12,2140,99100,France,Forcalquier,4300,5 boulevard de la république
58,Min58,azerty,Mïnutie Essai,Mïnutie Essai,"Bartosz, Barthelemy, Barnabe",Male,az@mail.com,612345678,2007-09-01,21610,99100,France,Greoux-les-bains,4800,16 rue Mousseline
59,Min59,azerty,Mïnutie Essai,Mïnutie Essai,Léa,Female,az@mail.com,612345678,2007-05-13,1800,99100,France,Mallemoisson,4510,637 avenue du 14 juillet 1789
60,Min60,azerty,Mïnutie Essai,Mïnutie Essai,"Manon, Alice",Female,az@mail.com,612345678,2008-05-24,24700,99100,France,Manosque,4100,314 montée des Adrechs
61,Min61,azerty,Mïnutie Essai,Mïnutie Essai,"Rose, Luce, Stella",Female,az@mail.com,612345678,2004-08-03,46170,99100,France,Haussonville,54290,"38, Grande rue"
62,Min62,azerty,POLLI ESSAI,POLLI ESSAI,Evelyne,Female,az@mail.com,612345678,1968-03-02,59200,99100,France,Delincourt,60240,"61, rue de la Vallée"
63,Min63,azerty,Mondeessai,Mondeessai,"Andréa, Safà, Assiya",Female,az@mail.com,612345678,1968-12-11,51290,99100,France,Andelot-Morval,39320,"115, route de Saint-Amour"
64,Min64,azerty,PRATJOLOI ESSAI,Essai,"VERONIQUE, ANNE, JULIE, MARIE-DOMINIQUE",Female,az@mail.com,612345678,1964-11-18,75013,99100,France,Paris,75017,"112, Boulevard Péreire"
65,Min65,azerty,Pesteessai,AGRELLOT,"Jean, Frédéric, Gérard",Male,az@mail.com,612345678,1986-01-31,91320,99100,France,Fontenay-Saint-Père,78440,13 chemin de la mairie
66,Min66,azerty,POULIN ESSAI,POULIN ESSAI,"PETER, JOHN, ROBERT",Male,az@mail.com,612345678,1962-05-15,92110,99100,France,Latrape,31310,"35, Grand'rue"
67,Min67,azerty,PRATJOLOI ESSAI,PRATJOLOI ESSAI,"EDOUARD, JEAN-CHARLES, EUDES",Male,az@mail.com,612345678,2008-05-24,75011,99100,France,Calacuccia,20224,"1, Avenue Valdoniello"
68,Min68,azerty,Bristaïnessaî,Bristaïnessaî,Ayoub,Male,az@mail.com,612345678,1984-12-10,2330,99100,France,Lavans-Sur-Dole,39700,"4 A, rue Saint-Didier"
69,Min69,azerty,SHAKESPEARE,SHAKESPEARE,"WILLIAM, TEST, SPECIMEN",Male,az@mail.com,612345678,1964-04-23,CV37,99132,France,Fontrabiouse,66210,8 Boulevard du théâtre
70,Min70,azerty,Specimen,Specimen,"Stéphane, Eric, Gérard",Male,az@mail.com,612345678,2004-06-18,5300,99100,France,Germigney,39380,4 Rue du Val d'Amour
71,Min71,azerty,Specimen,Specimen,"Anabelle, Estelle, Viriginie",Female,az@mail.com,612345678,1989-12-02,1370,99100,France,Condamine,39570,"456, rue du Centre"
72,Min72,azerty,Specimen,Essai,"Anne-Lucie, Philomène, Dominique",Female,az@mail.com,612345678,2000-01-01,22270,99100,France,Fontenay-Saint-Père,78440,35 rue de la petite vallée
73,Min73,azerty,Specimen,Specimen,"Claude, Dominique, Sophie",Female,az@mail.com,612345678,1999-12-24,28290,99100,France,Marly-le-Roy,39380,41 Chemin des Maigrets
74,Min74,azerty,Recofaciale Essai,Recofaciale Essai,"Jessaie, Jeréessaie, Jabandonne",Female,az@mail.com,612345678,1978-04-13,78780,99100,France,Le Mesnil-le-Roy,78600,4 rue des folies
75,Min75,azerty,Saroule Specimen,Saroule Specimen,"Sophie, Sarah, Emma",Female,az@mail.com,612345678,2006-08-18,3135,99100,France,Mantes-la-ville,78711,29 rue des meuniers
76,Min76,azerty,SPECIMÈN à Î Ï Ñ Ò  Ô Õ Ö Ù Ú Û Ü Ý Ÿ Œ AE,SPECIMÈN à Î Ï Ñ Ò  Ô Õ Ö Ù Ú Û Ü Ý Ÿ Œ AE,"Ines, Camille, Francesca",Female,az@mail.com,612345678,2009-10-29,39570,99100,France,Sainte Tulle,4220,93 Allée des Micocouliers
77,Min77,azerty,ARUNDSSENJOHNSJT Specimen,ARUNDSSENJOHNSJT Specimen,"Chloé, Lina, Béatrice, Ölvirgmünda",Female,az@mail.com,612345678,2008-11-09,82110,99100,France,Viroflay,78686,5 Avenue Gaston Boissier
78,Min78,azerty,Specimen Öuljstïmî,Specimen Öuljstïmî,"Henry, Charles, Thomas",Male,az@mail.com,612345678,1962-05-01,82220,99100,France,Saint-Mesmes,78730,117 route de dourdan
79,Min79,azerty,Choulnistovitchowxa Specimen,Choulnistovitchowxa Specimen,"Sacha, Noah",Male,az@mail.com,612345678,2004-03-02,39150,99100,France,Saint-Germain-en-Laye,78100,33 rue d'Alsace
80,Min80,azerty,Poytreza Specimen,Poytreza Specimen,"Gabin, Nolan, Louis, Amaury",Male,az@mail.com,612345678,1987-08-09,66000,99100,France,Germigney,39380,4 Rue du Val d'Amour
81,Min81,azerty,SPÉCIMÈN À Â Ã Ä Æ Ç È É Ê Ë ,J'aime la reco de caractères,"Ferdinand, Idriss",Male,az@mail.com,612345678,2002-04-23,39230,99100,France,Germigney,39380,4 Rue du Val d'Amour
82,Min82,azerty,Spécimen Essai,Spécimen Essai,"Alexander, Andrew, Antony",Male,az@mail.com,612345678,1974-11-21,6000,99100,France,Triel-sur-Seine,78510,4 rue du noyer Godard 
83,Min83,azerty,Spécimen Essai,Spécimen Essai,"Hugo, léo, Pierre, Jean-Marie",Male,az@mail.com,612345678,1980-05-27,26200,99100,France,Rambouillet,78120,"18, rue de la Pommeraie "
84,Min84,azerty,Spécimen Essai,Spécimen Essai,"Hugo, léo, Pierre, Jean-Marie",Male,az@mail.com,612345678,1980-05-27,26200,99100,France,Rambouillet,78120,"18, rue de la Pommeraie "
85,Min85,azerty,Spécimen Essai,Spécimen Essai,"Winston, Hans-georg, Antoine",Male,az@mail.com,612345678,2012-05-27,98000,99100,France,Triel-sur-Seine,78510,4 rue du noyer Godard 
101,Min101,azerty,"DÈ/LÀRÙÇÄ'  Æ Œ  -- ËVÏT,  Ù",PRINCESSE D'Espagne,ADÈLE,Male,az@mail.com,612345678,2015-12-31,30000,99134,France,LEVALLOIS-PERRET,92230,5 RUE DE LA VANILLE MADAGASCAR 5L825 101 AVENUE VICTOR HUGO
102,Min102,azerty,VERNAECKT,VERNAECKT,JUSTIN,Male,az@mail.com,612345678,1994-11-23,50000,99350,France,BORDEAUX,13300,32 TER RUE DE LA BOUGIE
103,Min103,azerty,DEHONSTRATION,ANTS,"MARIE, CATHERINE",Female,az@mail.com,612345678,1975-10-07,45340,99100,France,BORDEAUX,33000,32 TER RUE DE LA BOUGIE
104,Min104,azerty,HELLO,ANTS,Gérald,Female,az@mail.com,612345678,1950-02-10,45340,99100,France,BORDEAUX,30000,32 TER RUE DE LA BOUGIE
105,Min105,azerty,TRESOR,RUE,"AURELIE, JULIENNE",Female,az@mail.com,612345678,1950-02-10,16000,99352,France,BORDEAUX,33000,32 TER RUE DE LA BOUGIE
106,Min106,azerty,DUPONT TUTELLE,RENOUV VOL,JEAN,Female,az@mail.com,612345678,2001-12-31,92210,99100,France,LEVALLOIS-PERRET,92230,101 AVENUE VICTOR HUGO
107,Min107,azerty,RENOUV,RENOUV,PILOU,Female,az@mail.com,612345678,1975-10-07,45340,99100,France,BORDEAUX,30000,32 TER RUE DE LA BOUGIE
108,Min108,azerty,CTANA,YVA,LORIE,Female,az@mail.com,612345678,1985-01-11,31000,99100,France,BORDEAUX,30000,32 TER RUE DE LA BOUGIE
109,Min109,azerty,DE LA MANCHE,DE LA MANCHE,"PASCAL, MARCO,  KILLIAN",Male,az@mail.com,612345678,1980-01-01,80000,99100,France,TOULOUSE,31000,RUE DU PARQUET
110,Min110,azerty,DONALD,DONALD,DUCKY,Male,az@mail.com,612345678,1981-02-01,14000,99100,France,ABANCOURT,31000,RUE DE LA MAISON DE PICSOU ET DO NALD DANS LA MAISON EN H
111,Min111,azerty,DE LA VILLARDIERE,DE LA VILLARDIERE,"BERNADETTE, MARIE, VÉRONIQUE",Female,az@mail.com,612345678,1980-05-01,64360,99100,France,PACÉ,31000,RUE DE LA PLUS BELLE COMMUNE DE FRANCE ET D'EUROPE ET DU MONDE
112,Min112,azerty,TESTRECETTETROIS,TESTRECETTETROIS,"JEAN LUC, ROMAIN, PIERRE, GÉROME, TANGUY",Male,az@mail.com,612345678,1990-02-01,1000,99100,France,NOINTEL,60840,23 BOURGE
113,Min113,azerty,ELECTRIQUE,ELECTRIQUE,CABLE,Male,az@mail.com,612345678,1980-06-01,31000,99100,France,LISBONNE,31000,RUE DE LA FIBRE OPTIQUE
201,Min201,azerty,DELORT,DELORT,Francis,Male,az@mail.com,612345678,1973-01-01,75000,99100,France,AUBEPIERRE-OZOUER-LE-REPOS,75010,6 RUE PRINCIPALE
202,Min202,azerty,GATINET,GATINET,Dominique,Male,az@mail.com,612345678,1951-03-24,31000,99100,France,ISSY LES MOULINEAUX,92130,21 COURS SAINT VINCENT
203,Min203,azerty,BALSAN,BALSAN,Marguerite,Male,az@mail.com,612345678,1939-02-14,77720,99100,France,PARIS,75007,1 RUE DU BAC
204,Min204,azerty,CHAPLIN,CHAPLIN,"Heloise, Amelie",Female,az@mail.com,612345678,1950-02-01,2880,99100,France,NICE,6000,789 A PROMENADE DES ENGLISH
205,Min205,azerty,THUROT,THUROT,"Baptiste, Bertrand",Male,az@mail.com,612345678,2001-02-07,97200,99100,France,FORT-DE-FRANCE,97200,76 RUE DE LA PLACE
206,Min206,azerty,UN INDEX DROIT CINQANTE JAUNE,UN INDEX DROIT CINQANTE JAUNE,Justin,Male,az@mail.com,612345678,1974-06-07,75000,99100,France,NANCY,54100,49 AVENUE DES CHAMPS
207,Min207,azerty,TESTIFC usage DOIGTSDIFF,TESTIFC usage DOIGTSDIFF,Tanguy,Male,az@mail.com,612345678,1974-06-07,75000,99100,France,NANCY,54100,49 AVENUE DES CHAMPS
208,Min208,azerty,TEXIER,TEXIER,"Patrick, Pierre, Louis",Male,az@mail.com,612345678,1965-08-10,29200,99131,Belgique,BRUXELLES,10000,2 AVENUE DE LA PAIX
209,Min209,azerty,CON,CON,Cierge,Male,az@mail.com,612345678,1980-06-01,19170,99100,France,TOULOUSE,31000,RUE DES LYMBES
210,Min210,azerty,TESTE,TESTE,Martin-Charles,Male,az@mail.com,612345678,1989-02-12,19100,99100,France,PARIS,75000,01 PLACE CONCORDE
